SET SQL_MODE = "NO_AUTO_VALUE_ON_ZERO";
SET time_zone = "+00:00";

/*!40101 SET @OLD_CHARACTER_SET_CLIENT=@@CHARACTER_SET_CLIENT */;
/*!40101 SET @OLD_CHARACTER_SET_RESULTS=@@CHARACTER_SET_RESULTS */;
/*!40101 SET @OLD_COLLATION_CONNECTION=@@COLLATION_CONNECTION */;
/*!40101 SET NAMES utf8 */;


INSERT INTO categories (ID, Name, LastUpdateDate) VALUES
(1, 'Eating & Drinking', '2014-04-28'),
(2, 'Tourist Attractions', '2014-04-10'),
(3, 'Go Out', '2014-04-10');

INSERT INTO options (ID, QuestionID, Name, TagID) VALUES
(1, 1, 'Yes', 1),
(2, 1, 'No', NULL),
(3, 2, 'Yes', 2),
(4, 2, 'No', NULL),
(5, 3, 'Yes', 3),
(6, 3, 'No', NULL),
(7, 4, 'Yes', 4),
(8, 4, 'No', NULL);

INSERT INTO questions (ID, Question, LastUpdateDate, CategoryID) VALUES
(1, 'Do want to drink coffee?', '2014-04-28', 1),
(2, 'Do want to eat dessert?', '2014-04-28', 1),
(3, 'Do want to eat fastfood?', '2014-04-28', 1),
(4, 'Do want to eat burger?', '2014-04-28', 1);

INSERT INTO tags (ID, Name, CategoryID) VALUES
(1, 'coffee', 1),
(2, 'dessert', 1),
(3, 'fastfood', 1),
(4, 'burger', 1);

INSERT INTO venue_meta (ID, venueID, tagID) VALUES
(1, '50ad570ce4b087613d8bce7c', 1),
(2, '50ad570ce4b087613d8bce7c', 2),
(3, '4ba2664cf964a520fcf437e3', 3),
(4, '4ba2664cf964a520fcf437e3', 4),
(5, '4ba2664cf964a520fcf437e3', 1),
(6, '5294d83611d21f326f0cb122', 1),
(7, '4fb67b6ae4b0a804114d5627', 1),
(8, '4e0c7d7118a89ad0106a3d52', 1),
(9, '527766ce11d20ab1b4d139ab', 1),
(10, '5065d38ee4b0fc16da98c02e', 1),
(11, '4f643b15e4b09ff9bc4e5ed4', 1),
(12, '5107d292e4b030f1bdd5ecfd', 1),
(13, '4e1f6432483b041af1d7c1a4', 1),
(14, '4edde53746907c1b46be722c', 1),
(15, '4f1ad786e4b0889e04a0955d', 1),
(21, '4f93da6be4b0e90bfc255574', 2),
(22, '51d850e8498e1aa1c6e3acb3', 2),
(23, '4e6493161838ad3d0fb84161', 2),
(24, '51d5783d498e004fabdfdd7d', 2),
(25, '530c4ead498eeef65c256f42', 2),
(26, '500e2278e4b0bf5c6ae68220', 2),
(27, '5025733de4b0273849c0ff72', 2),
(28, '5252b4c511d282066f01ae7c', 2),
(29, '529da2b1498e74013f9ed7c9', 2),
(30, '532ef28c498ecad4a2253b0f', 2),
(31, '51219baee4b0eaec1272e262', 2),
(32, '516810fce4b078838750fb22', 2),
(33, '4fd87b2be4b0c84933d1469d', 2),
(34, '520df874498e1d7663817693', 2),
(36, '4efaa8fc30f894d86b50d0ba', 3),
(37, '5234a77111d2cb47bf44db0f', 3),
(38, '4ee39042f790897ecf8a231c', 3),
(39, '5065c716e4b095d6fa337397', 3),
(40, '5227405b11d2b9db7738e012', 3),
(41, '5281cee011d2203eeb41cfe9', 3),
(42, '520cc2a911d2688fd5edacfe', 3),
(43, '5097baf2e4b0baf4e2d6588d', 3),
(44, '4df747b41495dd5ffb856ce0', 3),
(45, '4eef1437d3e3246bdd1f108f', 3),
(46, '5082d33de4b0ac00f5b3578c', 3),
(47, '50466b8ce4b008d1e1d8e5ea', 3),
(48, '53414571498ebef658e83059', 3),
(49, '527fb98111d269e8cc6b33cd', 3),
(51, '511a4d1ae4b0543c9f73b846', 4),
(52, '50fbd765e4b0b707d64fbfb2', 4),
(53, '50b92dece4b05d626469e1e5', 4),
(54, '521f3867498e5eebfb8acf27', 4),
(55, '4f5b86e0e4b0369070233f3a', 4),
(56, '5244869d11d2a9f4e0dcbc6b', 4),
(57, '52bc0a5a498ed4f782ab4a9a', 4),
(58, '52bab355498e8bfc4bb9795d', 4),
(59, '51a8d661498e9e6a26e14e4f', 4),
(60, '508a82ade4b0f6951d2ee1e2', 4),
(61, '4eb281a4dab472d4de730281', 4),
(62, '533fc861498e07aca044e8b5', 4),
(66, '529da2b1498e74013f9ed7c9', 1),
(67, '516810fce4b078838750fb22', 1),
(68, '4ee39042f790897ecf8a231c', 1),
(69, '4e6493161838ad3d0fb84161', 1),
(70, '511a4d1ae4b0543c9f73b846', 1),
(71, '50fbd765e4b0b707d64fbfb2', 1),
(72, '5065c716e4b095d6fa337397', 1),
(73, '51d5783d498e004fabdfdd7d', 1),
(74, '533fc861498e07aca044e8b5', 1),
(75, '52bab355498e8bfc4bb9795d', 1),
(76, '50b92dece4b05d626469e1e5', 1),
(77, '5281cee011d2203eeb41cfe9', 1),
(78, '4fd87b2be4b0c84933d1469d', 1),
(83, '5082d33de4b0ac00f5b3578c', 2),
(84, '4ee39042f790897ecf8a231c', 2),
(85, '5294d83611d21f326f0cb122', 2),
(86, '527fb98111d269e8cc6b33cd', 2),
(88, '50466b8ce4b008d1e1d8e5ea', 2),
(89, '511a4d1ae4b0543c9f73b846', 2),
(90, '4df747b41495dd5ffb856ce0', 2),
(91, '4e1f6432483b041af1d7c1a4', 2),
(92, '533fc861498e07aca044e8b5', 2),
(93, '4f643b15e4b09ff9bc4e5ed4', 2),
(97, '5107d292e4b030f1bdd5ecfd', 3),
(99, '51d5783d498e004fabdfdd7d', 3),
(100, '527766ce11d20ab1b4d139ab', 3),
(101, '532ef28c498ecad4a2253b0f', 3),
(102, '50fbd765e4b0b707d64fbfb2', 3),
(104, '51d850e8498e1aa1c6e3acb3', 3),
(105, '4f93da6be4b0e90bfc255574', 3),
(106, '4fb67b6ae4b0a804114d5627', 3),
(107, '50b92dece4b05d626469e1e5', 3),
(108, '4edde53746907c1b46be722c', 3),
(111, '5097baf2e4b0baf4e2d6588d', 4),
(113, '50fbd765e4b0b707d64fbfb2', 4),
(114, '4e0c7d7118a89ad0106a3d52', 4),
(115, '5082d33de4b0ac00f5b3578c', 4),
(116, '520cc2a911d2688fd5edacfe', 4),
(117, '4f93da6be4b0e90bfc255574', 4),
(118, '4eef1437d3e3246bdd1f108f', 4),
(119, '4fb67b6ae4b0a804114d5627', 4),
(120, '5107d292e4b030f1bdd5ecfd', 4),
(121, '5065c716e4b095d6fa337397', 4),
(123, '50ad570ce4b087613d8bce7c', 4);

INSERT INTO venues (ID, Name, Latitude, Longitude, LastUpdateDate, Address) VALUES
('4ba2664cf964a520fcf437e3', 'McDonald''s', 41.036751, 28.985661, '2014-04-29', 'Gümüşsuyu Mah. Osmanlı Sokak No:2 Bodrum Kat  Beyoğlu - İstanbul'),
('4df747b41495dd5ffb856ce0', 'Divan', 40.969196, 29.033567, '2014-04-29', 'Fenerbahçe'),
('4e0c7d7118a89ad0106a3d52', 'Ornoram Fizik Tedavi ve Rehabilitasyon Merkezi', 41.013786, 28.933922, '2014-04-29', 'Capa'),
('4e1f6432483b041af1d7c1a4', 'Santiye Bar', 41.031204, 29.020258, '2014-04-29', NULL),
('4e6493161838ad3d0fb84161', 'Bahar Bufe', 41.008915, 29.032227, '2014-04-29', NULL),
('4eb281a4dab472d4de730281', 'Yalniz Gunes Sahitti Sucuk Evi', 40.953766, 29.073910, '2014-04-29', NULL),
('4edde53746907c1b46be722c', 'Bilgi University Santral E-2 201', 41.069366, 28.945480, '2014-04-29', 'İstanbul Bilgi University'),
('4ee39042f790897ecf8a231c', 'Adam Optik', 41.011211, 29.039783, '2014-04-29', 'Kalfaçeşme Sok. Koşuyolu'),
('4eef1437d3e3246bdd1f108f', 'Yapi Kredi Plaza A Blok Yemekhane', 41.078449, 29.015068, '2014-04-29', 'Buyukdere Cad. Yapi Kredi Plaza A Blok'),
('4efaa8fc30f894d86b50d0ba', 'Leziz Pasta&Borek', 41.024757, 29.056030, '2014-04-29', 'Emniyet Mahallesi'),
('4f1ad786e4b0889e04a0955d', 'Ecu Tuned Chip Tuning', 40.992027, 29.068996, '2014-04-29', 'Yumurtacı Abdi Bey Cad. Girne Sok. No:46/1 Göztepe'),
('4f5b86e0e4b0369070233f3a', 'Kandilli Cami', 41.074268, 29.058212, '2014-04-29', NULL),
('4f643b15e4b09ff9bc4e5ed4', 'Empati Özel Eğitim ve Rehabilitasyon Merkezi', 41.066944, 29.057758, '2014-04-29', NULL),
('4f93da6be4b0e90bfc255574', 'Sultanlar Cardak', 41.078548, 29.072571, '2014-04-29', NULL),
('4fb67b6ae4b0a804114d5627', 'DenizBank', 40.965862, 29.103434, '2014-04-29', 'İbrahimağa Sok. No:7 K:4 Üst Bostancı'),
('4fd87b2be4b0c84933d1469d', 'FMV Özel Erenköy Işık Okulları Güneş Kampüsü', 40.973190, 29.085903, '2014-04-29', NULL),
('500e2278e4b0bf5c6ae68220', '11D Üsküdar - İnkilap Mahallesi', 41.022537, 29.059717, '2014-04-29', 'Otobüs Hattı'),
('5025733de4b0273849c0ff72', 'Hasköy Sahili', 41.043774, 28.947922, '2014-04-29', 'Hasköy, Beyoğlu'),
('50466b8ce4b008d1e1d8e5ea', 'Ata 2 Sitesi C Parkı', 41.052681, 29.082035, '2014-04-29', NULL),
('5065c716e4b095d6fa337397', 'Bağlarbaşı Koru', 41.027534, 29.043007, '2014-04-29', NULL),
('5065d38ee4b0fc16da98c02e', 'Amerikan Hastanesi Tekne Turu', 40.995655, 29.019341, '2014-04-29', NULL),
('5082d33de4b0ac00f5b3578c', 'Okmeydani Tuna Sokak', 41.048866, 28.967899, '2014-04-29', NULL),
('508a82ade4b0f6951d2ee1e2', 'Ortalık toplamaca', 40.970562, 29.106245, '2014-04-29', NULL),
('5097baf2e4b0baf4e2d6588d', 'Göztepe Oto Boya Kaporta Servisi', 40.994869, 29.061531, '2014-04-29', 'Yumurtacı Abdi Bey Cad.'),
('50ad570ce4b087613d8bce7c', 'Hafız Mustafa 1864', 41.036491, 28.985209, '2014-04-29', 'Gümüşsuyu Mh Sıraselviler Cd No:7/B Beyoğlu'),
('50b92dece4b05d626469e1e5', 'Ankara Yolu', 41.079155, 29.092367, '2014-04-29', NULL),
('50fbd765e4b0b707d64fbfb2', 'G & S Kuafor', 41.022312, 29.140278, '2014-04-29', NULL),
('5107d292e4b030f1bdd5ecfd', 'Yılbay Tekstil', 41.058071, 28.974773, '2014-04-29', NULL),
('511a4d1ae4b0543c9f73b846', 'ARSLAN Ekmek Un Ve Unlu Mamulleri', 41.027847, 29.052774, '2014-04-29', 'Emniyet Mah. Uskudar'),
('51219baee4b0eaec1272e262', 'ocb''m', 40.978619, 29.156096, '2014-04-29', 'Canan Sokak'),
('516810fce4b078838750fb22', 'Eyüp Sultan Kütüphanesi', 41.046700, 28.936071, '2014-04-29', 'Eyüpsultan'),
('51a8d661498e9e6a26e14e4f', 'Ottoman Çağaloğlu', 41.011234, 28.973261, '2014-04-29', 'Mollafenari Mahallesi selvimescit sokak No :16 cağaloğlu Fatih İstanbul'),
('51d5783d498e004fabdfdd7d', 'cardak', 40.998646, 29.089096, '2014-04-29', NULL),
('51d850e8498e1aa1c6e3acb3', 'iSiK cafe', 41.087055, 28.999336, '2014-04-29', NULL),
('520cc2a911d2688fd5edacfe', 'Nişancı Mustafa Paşa Camii', 41.039577, 28.930634, '2014-04-29', NULL),
('520df874498e1d7663817693', 'TetrOOrganikpazar.com', 41.048618, 28.950132, '2014-04-29', NULL),
('521f3867498e5eebfb8acf27', 'Ziraat Bankasi', 40.999008, 29.052048, '2014-04-29', 'Karakoy'),
('5227405b11d2b9db7738e012', 'Yüksel perde ve ev tekstil', 40.971325, 29.128708, '2014-04-29', 'Fındıklı Mahallesi'),
('5234a77111d2cb47bf44db0f', 'Arsemia', 41.087677, 28.920216, '2014-04-29', 'Aksemsettin Mahallesi Yesilpinar'),
('5244869d11d2a9f4e0dcbc6b', 'Bilgi Üniversitesi Santral Kız Yurdu', 41.067646, 28.947618, '2014-04-29', 'Bilgi Üniversitesi Santral Kampüsü Karşısı'),
('5252b4c511d282066f01ae7c', 'Cinepol Sinemaları', 41.086372, 28.981970, '2014-04-29', 'Axis Avm - Merkez Mah. Cendere Cad. No:28 Kağıthane'),
('527766ce11d20ab1b4d139ab', 'Ümraniye Beach', 41.003464, 29.111685, '2014-04-29', NULL),
('527fb98111d269e8cc6b33cd', 'Kaşifin Mutfağı', 41.001617, 28.935162, '2014-04-29', NULL),
('5281cee011d2203eeb41cfe9', 'boyap boya', 41.022583, 28.971291, '2014-04-29', NULL),
('5294d83611d21f326f0cb122', 'VoiceCraft', 40.989986, 29.124472, '2014-04-29', NULL),
('529da2b1498e74013f9ed7c9', 'emm efe mimarlık ofis', 41.012260, 29.150970, '2014-04-29', NULL),
('52bab355498e8bfc4bb9795d', 'Atiye Steak House', 41.048737, 28.994095, '2014-04-29', 'Atiye Sokak No:2/A Nişantaşı'),
('52bc0a5a498ed4f782ab4a9a', 'bugün benim doğum günüm ', 41.046967, 28.919538, '2014-04-29', NULL),
('530c4ead498eeef65c256f42', 'Maltepe kucukyali endustri meslek lisesi', 40.951576, 29.160585, '2014-04-29', NULL),
('532ef28c498ecad4a2253b0f', 'cesa çiğköfte imar blokları', 41.082874, 28.937986, '2014-04-29', 'Alibeyköy İmar Blokları'),
('533fc861498e07aca044e8b5', 'Akasya Acıbadem AVM', 41.003426, 29.077398, '2014-04-29', NULL),
('53414571498ebef658e83059', 'balkon', 41.008259, 29.070337, '2014-04-29', NULL);

/*!40101 SET CHARACTER_SET_CLIENT=@OLD_CHARACTER_SET_CLIENT */;
/*!40101 SET CHARACTER_SET_RESULTS=@OLD_CHARACTER_SET_RESULTS */;
/*!40101 SET COLLATION_CONNECTION=@OLD_COLLATION_CONNECTION */;
